PRODUCT,NICKNAME,,,,,,,,,,,,
salmon,salmon fillet,salmon smkd,salmon smkd nova,salmon pstrmi style smkd atlant,salmon smkd wild,,,,,,,,
bread,bread famous bake,wholegrain,sliced white bread,sig bread honey,,,,,,,,,
chips,lays wavy original,doritos nacho,ridge cut potato chips sea sal,red dragon fruit chips,chips potato rose fingerling,olive oil potato chips,potato chips scalloped with fi,sunchips s,,,,,
gummy candy,haribo gummy candy,black forest worms,gummy x's & o's,,,,,,,,,,
tea,tazo team lem mt,well rested herbal tea,,,,,,,,,,,
frozen pizza,tarte aux champignons,organic roasted veg pizza,pizza parlano w/sausage,bambino pepperoni pizza,piccolo pizza organic tomato m,arugula pizza w/tomatoes,bbq chicken pizza,freschetta,ca pza kit thin-ma,digiorno r,brie $ tomato tarte,tarte d'alsace w/ham & gruyere,pizza parlannd w/sausage
pita,mini pita,,,,,,,,,,,,
plain yogurt,yog euro style organic plain nf 0%,fage total ygrt,fage yogurt,yog euro style org olain nf 0%,,,,,,,,,
dark chocolate covered raisins,raisins dk choc,,,,,,,,,,,,
granola,granola chocolate almond just,,,,,,,,,,,,
apples,a-apples envy 2 lb,apple each pink lady,org gala apples,,,,,,,,,,
tomatoes,tomatoes on the vine pearl,tomatoes,tomatoes on the vine,tomatoes beefsteak each,tomatoes medley,tomatoes heirloom mini,,,,,,,
apricots,apricots,,,,,,,,,,,,
eggplant,eggplant,,,,,,,,,,,,
frozen potato fries,handsom cut potato fries,potato fries spud crunchies,,,,,,,,,,,
oat milk,oat beverage,,,,,,,,,,,,
cucumbers persian org,cucumbers persian,,,,,,,,,,,,
banana,banana each,org bananas,bruno (thai) banana,,,,,,,,,,
lime,lime bag,,,,,,,,,,,,
mandarin,mandarin bag josie's,cuties mandarin,,,,,,,,,,,
onion,onions vidalia,onion sweet jumbo each,green onions,,,,,,,,,,
pear,pear bag org d'anjou,,,,,,,,,,,,
sweet mini bell peppers,a-peppers mini sweet,peppers mini sweet org,,,,,,,,,,,
baby cut carrots,carrots cut an peeled org,,,,,,,,,,,,
carrots,carrots whole org,,,,,,,,,,,,
dark chocolate bar,bar dk choc truffle org,,,,,,,,,,,,
eggs,eggs large cage free brown doz,omega eggs,eggs large cage free white doz,eggs extra large cage free whi,,,,,,,,,
cheetos,cheetos crunchy,,,,,,,,,,,,
twix,twix caramel,,,,,,,,,,,,
rotisserie,rotisserie,,,,,,,,,,,,
dates,med dates,,,,,,,,,,,,
cabernet sauvignon,jones cab,,,,,,,,,,,,
pure vanilla,pure vanilla,,,,,,,,,,,,
yellow onion,yellow onion,,,,,,,,,,,,
lettuce,romaine,romaine hearts,,,,,,,,,,,
lamb leg,lamb leg,,,,,,,,,,,,
cucumbers,organic cuke,,,,,,,,,,,,
mixed nut,ks mixed nut,,,,,,,,,,,,
greek yogurt,greek yogurt,zoi grk ygrt non,,,,,,,,,,,
pasta,tort pasta,pasta papardelle,pasta org italian gigli,sig pasta fittyccini,sig pasta rotini,sig pasta ziti box,de ceccoo perciatel,banza cavatap,,,,,
ground beef,organic grnd,85% lean gr bf gr,,,,,,,,,,,
ale beer,frmt smr ale,alaskan amber ale,,,,,,,,,,,
aluminium foil,reynolds foil,,,,,,,,,,,,
disposable plates,ks dish pacs,"dixie 10""plt",,,,,,,,,,,
tofu,tofu tj-san firm org,pmo silken tofu,pmo organic tofu,nasoya tof,sesame gngr tofu,nasoya fogu veg,,,,,,,
alfredo pasta sauce,pasta sauce limone alfredo,,,,,,,,,,,,
soy milk,orig soy bev unswt,,,,,,,,,,,,
spicy thai shrimp fried rice,spicy thai shrimp fried rice,,,,,,,,,,,,
animal crackers,org animal crackers,,,,,,,,,,,,
asparagus risotto,asparagus risotto,,,,,,,,,,,,
musroom risotto,musroom risotto,,,,,,,,,,,,
vegrtable fried rice,vegrtable fried rice,,,,,,,,,,,,
hair mask,hari mask shea butter and coco,,,,,,,,,,,,
broccoli,broccoli bunch,sig broccoli flret,broccoli florets,,,,,,,,,,
mozzarella,chub mozzarella,sliced mozzarella,,,,,,,,,,,
mango juice,mango juice,,,,,,,,,,,,
rolls,rolls crescent buttery,sig crescent rolls,,,,,,,,,,,
mochi,mochi green tea,mini thai tea mochi,mini mango mochi,,,,,,,,,,
garlic,a-garlic each,,,,,,,,,,,,
salad mix,salad organic spring mix,salad organic herb,,,,,,,,,,,
chicken soup dumplings,chicken soup dumplings,,,,,,,,,,,,
kale,greens kale,,,,,,,,,,,,
red dragon fruit chips,red dragon fruit chips,,,,,,,,,,,,
honey,multi floral and clover honey,,,,,,,,,,,,
sweet potato,potato sweet murasaki,,,,,,,,,,,,
rice seasoning,spice nori komi furikake,ajishima furikake fumi,,,,,,,,,,,
milk ,milk half galon whole,v crnr whole milk,,,,,,,,,,,
naan,tandoori naan,,,,,,,,,,,,
cocoa batons,cocoa batons,,,,,,,,,,,,
vanilla batons,batons vanilla,,,,,,,,,,,,
paratha,malatari paratha,,,,,,,,,,,,
olive oil,evoo packed in italy,spanish evoo,sig verdi olv oil,terra olive oil,evoo med blend organic,,,,,,,,
garbanzo beans,org garbanzo beans,,,,,,,,,,,,
orange juice,orange extra pulp,365 orange extra pulp,trpcna orange jce,,,,,,,,,,
lemon,lemon,,,,,,,,,,,,
seafood blend,seafood blend,,,,,,,,,,,,
shanghi tip(sum),cabbage head green,,,,,,,,,,,,
rasberries,rasberries,,,,,,,,,,,,
shrimp,medium cooked shrimp,raw shrimp,wfb shrimp raw,,,,,,,,,,
green beans,beans green trim & clean,beans green haricots verts,,,,,,,,,,,
sparkling water,spark min water crancl,sparkling coconut water,bubly sparkling,,,,,,,,,,
soyaki,soyaki,,,,,,,,,,,,
butter chickenw/basmati rice,butter chickenw/basmati rice,,,,,,,,,,,,
asparagus,asparagus green,,,,,,,,,,,,
birthday card,birthday card,,,,,,,,,,,,
beef jalepeno,chomps gras fed beef jalepeno,,,,,,,,,,,,
hand sanitizer,hand sanitizer spray lemon gra,sun lite hand sanitizer,,,,,,,,,,,
sparkling juice,sparkling strawberry juice,,,,,,,,,,,,
marinara,tomato basil marinara,traditional marinara,o organic marinara,,,,,,,,,,
rice,rice jasmine from thailand,japanese fried rice,,,,,,,,,,,
hearts of palm,shacha hearts of palm,,,,,,,,,,,,
soup,french onion soup,amys thai coconut,amys soup indian,cmpl soup pasta,well yes tomato,well yes black bn,,,,,,,
thai shrimp gyoza,thai shrimp gyoza,,,,,,,,,,,,
multipurpose cleaner,zen multipurpose cleaner,,,,,,,,,,,,
rice cracker,rice cracker medley,,,,,,,,,,,,
herb basil,herb basil,o orgnc basil,,,,,,,,,,,
spaghetti,sig spaghe,,,,,,,,,,,,
toothbrush,sig toothbrush,,,,,,,,,,,,
cold/ flue relief,sig cld/flu rlf,,,,,,,,,,,,
franz,franz homestyle,,,,,,,,,,,,
bacon,s farms bacon thk,bacon canadian 99% ff celebrit,,,,,,,,,,,
jicama wrap,r-jicama wrap,,,,,,,,,,,,
vinegar,white modena vinegar,mizkan vinegar ric,,,,,,,,,,,
ice cream,ice cream ube oint,mango & cream bars,chocolate hold the cone,sublime ice cream sanwiches,cookies & cream,bluberry pont organic,,,,,,,
pineapple juice,pinapp juice,,,,,,,,,,,,
shampoo,nourish shampoo,,,,,,,,,,,,
salsa,mild pico de gallo salsa,,,,,,,,,,,,
pickled sauerkraut,pickled sauerkraut raw w/persi,,,,,,,,,,,,
spice taco seasoning mix,spice taco seasoning mix,,,,,,,,,,,,
balsamic vinigaretter,aseto blsm di modena i.g.p,,,,,,,,,,,,
artichokes,artichokes,,,,,,,,,,,,
baking soda,baking soda,,,,,,,,,,,,
soy sauce,soy sauce reduced sodium,kikkoman less sodi,,,,,,,,,,,
toilet paper,recycled bath tissue 2ply,angel soft toilet,charmin gentle,,,,,,,,,,
mushrooms,mushrooms crimini org,oyster mushroom,kingoyster mushroom,seafood mushroom,enoki mushroom,mushrooms white button,,,,,,,
veg & fruit wash,veg & fruit wash,,,,,,,,,,,,
body wash,refresh citrus body wash,,,,,,,,,,,,
vitamin B,vitamin B complex hi potency,,,,,,,,,,,,
brown sugar,org brown sugar,,,,,,,,,,,,
coffee filter,ntrl brown coffee filter,,,,,,,,,,,,
chamomile tea,org chamomile tea,,,,,,,,,,,,
grapes,grapes red seedless,,,,,,,,,,,,
cauliflower,cauliflower,,,,,,,,,,,,
orange,orange bag cara cara,,,,,,,,,,,,
popcorn,smartfood popcorn,skinny pop pcrn ul,,,,,,,,,,,
breakfast cereal,kellogs special k,walks into a bar fig,kllgg apple jacks,,,,,,,,,,
strawberries,strawberriess,,,,,,,,,,,,
blueberries,blueberries,,,,,,,,,,,,
poegranate white tea,org pomegranage white tea,,,,,,,,,,,,
chocolate hearts,mini dark choc hearts,,,,,,,,,,,,
avocado,avocado bag hass teeny tiny,avovados h,avocado hass,,,,,,,,,,
card,1srdist card,,,,,,,,,,,,
peaches,variety pack pacha peaches,,,,,,,,,,,,
green tea,htea og just grn tea,,,,,,,,,,,,
gelato,gelato pistachio,,,,,,,,,,,,
ground coffee,joe coffee medium roast ground,,,,,,,,,,,,
,signature select,frozen section/ safeway,,,,,,,,,,,
chicken,ranger air chilled,,,,,,,,,,,,
clementine,clementine,,,,,,,,,,,,
mangos,mangos lar,,,,,,,,,,,,
flour tortillas,flour tortillas,,,,,,,,,,,,
corn,whole kernal corn sweet & crsp,,,,,,,,,,,,
crunch chili onion,crunch chili onion,,,,,,,,,,,,
spcie nori komi furikake,spcie nori komi furikake,,,,,,,,,,,,
baby spinach,salad organic baby spinach,o organic baby spina,t b kashmir spnch,,,,,,,,,,
potato ,potato russet,,,,,,,,,,,,
dried figs,turkin dried figs,,,,,,,,,,,,
,sig buttermilk white,baked goods/ safeway,,,,,,,,,,,
steak,bf lion tip stk,,,,,,,,,,,,
backribs,ss pk ln backribs,,,,,,,,,,,,
crispy crunchy mochi rice ,crispy crunchy mochi rice,,,,,,,,,,,,
coconut crispy rolls,coconut crispy rolls,,,,,,,,,,,,
farafalle,farafalle with cheese & spinache,,,,,,,,,,,,
chicken breast,natural bnls chicken breast,,,,,,,,,,,,
chicken wings,natural chicken wings,,,,,,,,,,,,
glaze,glaze,,,,,,,,,,,,
eggplant spread,eggplant garlic spread,,,,,,,,,,,,
squash,squash delicata,zucchini squash,,,,,,,,,,,
fermented soybeans,mizkan kintsubu toromame natto,mizkan kintsubu niowa natto,sk fermented soybeans,,,,,,,,,,
noodles ,ns ansung tangmyun multi,ns shin ramyun multi,g.m dried noodle medium,mizkan kintsubu toromame natto,,,,,,,,,
paper bag,district h paper bag,,,,,,,,,,,,
fish ball,jane jane fz. pollack fish ball,,,,,,,,,,,,
fish paste,kibun kamaboko aka fz,,,,,,,,,,,,
fried tofu,afc fried tofu blocks,,,,,,,,,,,,
red miso,hikari shinshu miso red,,,,,,,,,,,,
imitation crab meat,crd imitation crab meat stick osaki,,,,,,,,,,,,
kimchi,woori sliced kimchi,,,,,,,,,,,,
rice cake,hs rice cake round,,,,,,,,,,,,
sesame oil,dyn sesame oil,,,,,,,,,,,,
coca cola,coca cola,,,,,,,,,,,,
peanut butter,o org peanut butter,,,,,,,,,,,,
frozen fruit,remlinger farms,,,,,,,,,,,,
fruit yogurt,ellons marinoberr,,,,,,,,,,,,
sponge,sig sponge heavy,,,,,,,,,,,,
minced garlic,sig garlic minced,,,,,,,,,,,,
kombucha,humm kombucha lmn,humm kombucha,,,,,,,,,,,
funfetti mix,plsbry funfetti,,,,,,,,,,,,
,sig drinki,safeway/ grocey,,,,,,,,,,,
coffee ,coffee db du,peets coffee house,,,,,,,,,,,
canola oil,sig cook spry cano,,,,,,,,,,,,
oreo,oreo sandwich,nbc oreo mega stuf,,,,,,,,,,,
jackfruit,jackfruit jackfrui,,,,,,,,,,,,
curry,o org plant curry,,,,,,,,,,,,
ibuprofen,sig ibuprofen,,,,,,,,,,,,
protein bar,clif bar,,,,,,,,,,,,
liquid hand soap,method fhw,,,,,,,,,,,,
strawberrr sauce,motts straw,,,,,,,,,,,,
lucky charms,gmills lcky chrms,,,,,,,,,,,,
flour,sig flour,,,,,,,,,,,,
wheat thins,nbc wheat thins cr.,,,,,,,,,,,,
hazelnut butter,hazelnut bttr,,,,,,,,,,,,
facial tissue,kleenex facial,,,,,,,,,,,,
butter,luc butter,,,,,,,,,,,,
tampons,sig tampon regular,,,,,,,,,,,,
shaving cream,eos shave cream,,,,,,,,,,,,
radishes,radishes organic,,,,,,,,,,,,
coconut milk,chaoko cocnt,beverage  coconut unsweetened h,,,,,,,,,,,
smoked paprika,mc smoked paprika,,,,,,,,,,,,
cooking oil,chosen foods oil,,,,,,,,,,,,
sesame seeds,sn l ssm seed tstd,,,,,,,,,,,,
garbanzo beans,oo garbanzo beans,,,,,,,,,,,,
dish soap,finish quantum,,,,,,,,,,,,
deli wrap,deli wrap,,,,,,,,,,,,
wine,simpler wines rose,,,,,,,,,,,,
hummus,hummus org,,,,,,,,,,,,
dark chocolate crisps,crisp dk choc,,,,,,,,,,,,
red pepper spread,red pepper spread,,,,,,,,,,,,
pesto tortellini,orgainc pesto tortellini,,,,,,,,,,,,
melon,a-melon sugar kiss,,,,,,,,,,,,
brussels sprouts,brussels sprouts,,,,,,,,,,,,
cherries,cherries red org,,,,,,,,,,,,